BJD_TDB,Flux,Err,Airmass,DX(pix),DY(pix),FWHM(pix),Peak(ADU)
2460302.670170,1.00007,0.00160,1.4872,0.22,-0.37,14.14,126536
2460302.670483,1.00344,0.00160,1.4845,0.22,-0.12,14.02,134434
2460302.670796,0.99979,0.00159,1.4817,-0.07,-0.23,14.27,117344
2460302.671109,1.00062,0.00159,1.4791,0.26,-0.32,14.12,126312
2460302.671422,1.00401,0.00159,1.4764,0.06,0.04,13.99,128680
2460302.671735,0.99897,0.00157,1.4737,-0.34,-0.10,14.25,117133
2460302.672048,1.00197,0.00157,1.4710,0.07,0.07,14.24,121445
2460302.672361,1.00146,0.00157,1.4684,-0.31,0.04,14.29,115402
2460302.672674,1.00129,0.00156,1.4657,-0.05,-0.15,14.50,116310
2460302.672975,1.00003,0.00156,1.4631,-0.08,0.12,14.34,116882
2460302.673288,1.00040,0.00155,1.4605,0.22,-0.20,14.22,127304
2460302.673601,0.99837,0.00154,1.4579,-0.20,0.06,14.22,121741
2460302.673914,1.00111,0.00154,1.4554,-0.14,0.09,14.37,122604
2460302.674227,0.99989,0.00154,1.4528,-0.32,-0.10,14.51,115335
2460302.674540,1.00194,0.00154,1.4502,-0.08,0.06,14.07,116448
2460302.674853,0.99957,0.00153,1.4477,0.03,0.13,14.33,123090
2460302.675166,0.99608,0.00152,1.4451,0.08,0.05,14.48,121593
2460302.675479,0.99902,0.00152,1.4426,0.04,0.03,14.14,142749
2460302.675792,1.00109,0.00152,1.4402,-0.16,0.18,14.54,120216
2460302.676105,1.00141,0.00152,1.4377,0.27,0.07,14.39,111230
2460302.676430,0.99934,0.00151,1.4351,0.18,-1.35,13.73,122100
2460302.676743,1.00335,0.00151,1.4326,-0.32,-0.39,14.43,115680
2460302.677056,1.00161,0.00150,1.4302,0.14,-0.20,14.40,117319
2460302.677381,0.99916,0.00150,1.4277,-0.19,-0.14,14.41,115248
2460302.677694,0.99993,0.00149,1.4253,0.07,-0.08,14.62,111462
2460302.678007,0.99657,0.00148,1.4229,-0.38,-0.22,14.79,112643
2460302.678320,0.99939,0.00148,1.4204,-0.07,0.01,14.54,115348
2460302.678633,1.00158,0.00148,1.4181,-0.20,-0.17,14.41,116875
2460302.678946,0.99891,0.00147,1.4157,0.07,0.12,14.62,110881
2460302.679259,0.99780,0.00147,1.4134,0.14,0.03,14.37,113580
2460302.679561,0.99990,0.00147,1.4110,0.30,0.16,14.33,115888
2460302.679885,0.99954,0.00146,1.4087,0.07,0.10,14.50,121778
2460302.680210,1.00072,0.00146,1.4062,-0.13,0.22,15.02,103419
2460302.680523,1.00312,0.00146,1.4039,0.25,0.07,14.71,122723
2460302.680836,1.00029,0.00145,1.4016,-0.18,-0.01,14.46,112014
2460302.681149,1.00101,0.00145,1.3994,0.35,0.04,14.55,123788
2460302.681462,1.00110,0.00145,1.3971,0.17,0.23,14.31,125260
2460302.681821,0.99982,0.00144,1.3945,-0.53,-0.21,14.62,98263
2460302.682134,1.00117,0.00144,1.3922,-0.14,0.05,14.28,122758
2460302.682459,1.00026,0.00143,1.3900,0.20,0.04,14.32,120045
2460302.682760,1.00012,0.00143,1.3878,-0.14,0.19,14.47,112071
2460302.683073,1.00099,0.00143,1.3856,0.08,-0.04,14.37,114564
2460302.683398,1.00237,0.00143,1.3833,0.28,0.22,14.47,122638
2460302.683711,1.00058,0.00142,1.3812,0.26,0.05,14.38,125596
2460302.684024,1.00028,0.00141,1.3790,0.20,0.15,14.44,117628
2460302.684337,0.99896,0.00141,1.3768,-0.05,0.07,14.70,111141
2460302.684649,0.99945,0.00141,1.3746,0.14,0.18,14.32,119253
2460302.684962,0.99802,0.00140,1.3724,-0.42,0.11,14.46,127117
2460302.685275,1.00286,0.00140,1.3703,0.17,0.03,14.56,113946
2460302.685588,0.99906,0.00140,1.3682,0.21,-0.09,14.45,117911
2460302.685901,1.00180,0.00140,1.3661,0.37,0.12,14.63,115337
2460302.686214,1.00276,0.00139,1.3640,0.04,0.03,14.56,114715
2460302.686527,1.00307,0.00139,1.3619,0.11,0.27,14.56,107016
2460302.686840,1.00152,0.00138,1.3599,0.02,-0.11,14.71,114008
2460302.687142,0.99991,0.00138,1.3578,-0.06,0.17,14.32,111803
2460302.687455,0.99867,0.00137,1.3558,0.12,0.12,14.55,114678
2460302.687768,1.00228,0.00138,1.3538,0.11,-0.24,14.75,107249
2460302.688081,0.99934,0.00137,1.3518,0.33,0.26,14.42,119556
2460302.688394,1.00224,0.00137,1.3497,0.21,0.19,14.37,126444
2460302.688765,0.99986,0.00136,1.3473,0.17,-0.21,14.19,133019
2460302.689078,1.00043,0.00136,1.3453,0.04,-0.00,14.36,127478
2460302.689391,0.99968,0.00136,1.3434,-0.09,-0.03,14.34,120501
2460302.689704,1.00088,0.00135,1.3413,0.18,0.20,14.23,121139
2460302.690017,1.00125,0.00135,1.3394,0.47,-0.12,14.07,151082
2460302.690329,1.00170,0.00135,1.3374,0.30,0.07,14.40,131900
2460302.690642,1.00116,0.00135,1.3355,-0.07,0.17,14.21,122557
2460302.690955,1.00008,0.00134,1.3335,0.05,0.11,14.14,120640
2460302.691268,1.00102,0.00134,1.3316,0.21,-0.03,14.42,124152
2460302.691581,1.00072,0.00134,1.3296,0.04,0.10,14.27,119380
2460302.691894,0.99875,0.00133,1.3277,0.49,0.02,14.54,128001
2460302.692207,1.00151,0.00133,1.3258,0.51,-0.07,14.53,117427
2460302.692520,0.99691,0.00132,1.3239,0.33,0.07,14.00,123147
2460302.692833,1.00095,0.00132,1.3221,-0.00,0.00,14.55,117851
2460302.693146,1.00130,0.00132,1.3202,0.06,-0.13,14.21,121954
2460302.693459,1.00095,0.00132,1.3183,0.39,0.34,14.48,119964
2460302.693773,0.99797,0.00131,1.3165,0.16,-0.02,14.22,132095
2460302.694086,1.00081,0.00131,1.3147,0.43,0.18,14.15,130757
2460302.694388,0.99951,0.00131,1.3129,0.14,-0.01,14.38,127656
2460302.694735,1.00218,0.00131,1.3109,0.08,-0.43,13.93,128328
2460302.695048,1.00098,0.00130,1.3090,0.12,0.09,14.02,141231
2460302.695361,1.00141,0.00130,1.3072,0.31,0.05,14.23,124384
2460302.695674,0.99943,0.00130,1.3054,0.16,0.18,14.23,123219
2460302.695987,1.00039,0.00129,1.3037,0.40,0.05,13.94,127119
2460302.696301,0.99947,0.00129,1.3019,0.15,0.11,14.17,128306
2460302.696613,1.00261,0.00129,1.3001,0.37,0.04,13.98,138814
2460302.696926,0.99809,0.00128,1.2983,0.12,0.23,14.22,128256
2460302.697239,1.00043,0.00128,1.2966,0.37,0.11,14.41,132572
2460302.697552,0.99928,0.00128,1.2948,0.02,0.14,14.43,122833
2460302.697865,1.00011,0.00128,1.2931,0.32,0.04,14.26,140214
2460302.698178,1.00201,0.00128,1.2914,0.15,-0.01,14.56,124384
2460302.698491,1.00022,0.00127,1.2897,0.12,0.13,13.92,135679
2460302.698804,1.00061,0.00127,1.2880,0.26,0.14,14.44,131323
2460302.699105,1.00030,0.00127,1.2863,-0.07,0.20,14.37,119732
2460302.699418,1.00000,0.00127,1.2846,0.40,0.14,14.14,136402
2460302.699731,0.99738,0.00126,1.2830,0.40,-0.13,14.12,140666
2460302.700044,1.00070,0.00126,1.2813,0.04,0.14,14.33,118281
2460302.700357,0.99987,0.00126,1.2796,0.25,0.07,13.66,132706
2460302.700682,1.00160,0.00126,1.2779,0.20,0.13,13.95,134876
2460302.700995,1.00218,0.00125,1.2763,0.14,-0.08,14.08,129684
2460302.701308,0.99927,0.00125,1.2746,0.36,0.48,14.05,125295
2460302.701621,0.99918,0.00125,1.2730,0.09,0.08,13.82,128940
2460302.701934,0.99975,0.00124,1.2714,-0.01,-0.03,14.18,130287
2460302.702247,1.00084,0.00124,1.2697,0.30,0.08,13.85,137576
2460302.702560,1.00023,0.00124,1.2681,0.23,-0.02,14.16,126099
2460302.702873,0.99949,0.00124,1.2665,0.10,-0.23,14.29,124931
2460302.703197,1.00234,0.00124,1.2649,0.08,0.05,14.13,133615
2460302.703510,0.99935,0.00123,1.2633,0.45,0.21,13.86,147622
2460302.703835,1.00008,0.00123,1.2617,0.30,0.04,14.05,128070
2460302.704148,0.99671,0.00122,1.2602,0.20,0.26,14.12,136685
2460302.704461,1.00184,0.00123,1.2586,0.31,0.01,14.04,120648
2460302.704774,1.00006,0.00122,1.2571,0.28,-0.04,14.06,126356
2460302.705075,1.00026,0.00122,1.2555,0.23,0.11,14.40,128748
2460302.705388,1.00031,0.00122,1.2540,0.09,-0.12,14.17,134659
2460302.705713,0.99838,0.00121,1.2525,0.29,0.12,14.25,132289
2460302.706026,0.99762,0.00121,1.2510,0.27,-0.06,13.75,135424
2460302.706339,0.99967,0.00121,1.2494,0.35,0.13,14.04,128746
2460302.706652,0.99901,0.00121,1.2479,0.24,0.17,14.21,120102
2460302.706965,0.99911,0.00120,1.2464,0.52,0.03,13.64,165248
2460302.707278,0.99835,0.00120,1.2450,0.03,0.09,13.73,151350
2460302.707649,1.00196,0.00120,1.2432,0.16,-0.02,13.61,145271
2460302.707962,1.00022,0.00120,1.2417,0.70,-0.14,13.63,147644
2460302.708275,0.99817,0.00120,1.2403,-0.03,0.01,13.54,150813
2460302.708588,0.99898,0.00119,1.2388,0.14,-0.14,13.35,158425
2460302.708900,0.99868,0.00119,1.2374,0.18,0.18,13.55,168773
2460302.709213,0.99957,0.00119,1.2359,0.17,-0.00,13.37,141893
2460302.709515,0.99974,0.00119,1.2345,0.46,0.19,13.64,145529
2460302.709828,0.99780,0.00118,1.2331,0.14,0.19,13.69,151386
2460302.710152,1.00085,0.00119,1.2317,0.35,-0.01,13.61,143200
2460302.710466,0.99935,0.00118,1.2303,0.01,0.11,13.53,154279
2460302.710779,0.99845,0.00118,1.2289,0.61,0.02,13.62,158969
2460302.711081,1.00019,0.00118,1.2275,-0.08,-0.04,13.51,155582
2460302.711394,0.99968,0.00118,1.2261,0.16,0.13,13.76,149700
2460302.711707,0.99774,0.00117,1.2247,0.00,0.11,13.49,156311
2460302.712031,0.99946,0.00117,1.2233,0.06,0.02,13.81,158689
2460302.712344,0.99838,0.00117,1.2220,0.20,0.25,13.41,168138
2460302.712657,0.99910,0.00117,1.2206,0.34,0.09,13.78,137420
2460302.712959,0.99990,0.00117,1.2193,0.07,-0.11,13.53,150927
2460302.713272,0.99763,0.00116,1.2179,0.38,-0.01,13.83,150021
2460302.713585,1.00022,0.00116,1.2166,0.42,-0.01,13.97,137497
2460302.713886,1.00026,0.00116,1.2153,0.37,0.03,13.65,147064
2460302.714199,0.99937,0.00116,1.2140,0.09,0.06,13.73,148430
2460302.714512,1.00144,0.00116,1.2127,0.07,0.14,13.70,155676
2460302.714825,0.99710,0.00115,1.2114,0.27,0.11,13.71,136977
2460302.715138,0.99721,0.00115,1.2101,0.27,0.14,13.59,148863
2460302.715439,0.99848,0.00115,1.2088,0.19,-0.00,14.05,134364
2460302.715752,0.99874,0.00115,1.2075,0.31,0.12,13.81,135754
2460302.716065,0.99928,0.00115,1.2062,0.39,-0.03,13.84,130200
2460302.716378,0.99975,0.00114,1.2049,0.26,0.32,14.07,128371
2460302.716691,0.99940,0.00114,1.2037,0.04,0.25,14.13,130914
2460302.717016,0.99999,0.00114,1.2024,0.31,0.04,14.12,126913
2460302.717375,1.00006,0.00114,1.2009,0.17,-0.14,13.62,161249
2460302.717688,0.99884,0.00114,1.1997,0.27,-0.01,13.92,148203
2460302.718001,0.99730,0.00113,1.1985,0.27,0.17,13.83,146268
2460302.718302,0.99977,0.00113,1.1972,0.03,-0.18,13.68,154034
2460302.718627,0.99719,0.00113,1.1960,0.18,0.19,13.89,136898
2460302.718940,1.00000,0.00113,1.1948,0.25,-0.06,13.61,141472
2460302.719242,0.99685,0.00112,1.1936,0.10,-0.09,13.80,139619
2460302.719555,1.00077,0.00113,1.1924,0.36,-0.07,13.93,140955
2460302.719867,0.99911,0.00112,1.1912,0.26,-0.07,14.17,137975
2460302.720180,0.99822,0.00112,1.1900,0.13,0.04,14.11,128545
2460302.720493,1.00231,0.00112,1.1888,0.01,0.18,13.42,136641
2460302.720818,0.99879,0.00112,1.1876,0.04,0.02,13.62,139651
2460302.721131,1.00079,0.00112,1.1864,0.29,0.01,13.66,138641
2460302.721444,0.99943,0.00112,1.1852,0.05,0.05,14.17,142038
2460302.721757,0.99899,0.00111,1.1841,0.24,0.05,14.08,132244
2460302.722058,0.99938,0.00111,1.1829,0.39,-0.03,13.87,132096
2460302.722383,0.99804,0.00111,1.1818,0.28,-0.15,13.91,128855
2460302.722684,0.99862,0.00111,1.1806,0.21,-0.20,13.85,130618
2460302.722997,0.99977,0.00111,1.1795,0.07,-0.01,13.75,135055
2460302.723310,0.99823,0.00111,1.1784,0.08,0.05,13.93,148693
2460302.723623,0.99670,0.00110,1.1772,0.23,0.10,13.77,142642
2460302.723936,0.99955,0.00110,1.1761,0.12,0.15,14.25,137031
2460302.724249,0.99923,0.00110,1.1750,0.12,0.07,13.85,145769
2460302.724562,0.99981,0.00110,1.1739,0.24,0.03,13.69,138703
2460302.724875,0.99950,0.00110,1.1728,0.01,0.08,13.89,148775
2460302.725188,1.00120,0.00110,1.1717,0.16,0.27,13.99,134840
2460302.725501,0.99884,0.00110,1.1706,0.01,-0.06,14.13,152109
2460302.725814,1.00087,0.00110,1.1695,0.25,-0.06,13.77,140390
2460302.726173,0.99960,0.00109,1.1683,-0.01,-0.16,13.87,142491
2460302.726486,0.99958,0.00109,1.1672,0.17,-0.10,13.87,141075
2460302.726800,1.00046,0.00109,1.1662,0.14,-0.09,13.68,131348
2460302.727113,0.99843,0.00109,1.1651,-0.03,-0.09,13.66,146485
2460302.727426,0.99958,0.00109,1.1640,0.08,0.15,13.63,143145
2460302.727739,0.99688,0.00108,1.1630,0.39,-0.11,13.72,137974
2460302.728052,0.99993,0.00108,1.1619,0.16,0.26,13.80,151121
2460302.728365,0.99965,0.00108,1.1609,0.27,0.07,13.63,130476
2460302.728678,0.99908,0.00108,1.1598,0.38,0.04,13.63,145598
2460302.728991,0.99932,0.00108,1.1588,0.03,0.10,13.63,149618
2460302.729304,1.00079,0.00108,1.1578,0.23,-0.03,13.64,144120
2460302.729617,0.99907,0.00108,1.1568,0.36,-0.05,13.52,146504
2460302.729930,0.99953,0.00107,1.1558,0.17,0.01,13.49,140823
2460302.730255,0.99911,0.00107,1.1547,0.16,-0.12,13.36,154145
2460302.730568,1.00057,0.00107,1.1538,0.18,-0.10,13.36,146058
2460302.730881,0.99970,0.00107,1.1528,0.45,0.14,13.48,147893
2460302.731194,0.99791,0.00107,1.1518,-0.01,0.02,13.39,162155
2460302.731507,0.99905,0.00107,1.1508,0.07,0.12,13.47,155399
2460302.731831,0.99808,0.00106,1.1498,0.01,0.09,13.31,150235
2460302.732144,0.99898,0.00106,1.1488,0.21,0.15,13.33,141812
2460302.732457,0.99891,0.00106,1.1478,0.20,0.13,13.80,132999
2460302.732770,0.99931,0.00106,1.1469,-0.20,-0.01,13.63,160551
2460302.733083,0.99885,0.00106,1.1459,0.19,0.03,13.66,137374
2460302.733396,0.99864,0.00106,1.1450,0.26,0.12,13.74,145281
2460302.733756,0.99942,0.00106,1.1439,0.54,0.30,13.28,145733
2460302.734068,0.99777,0.00105,1.1429,0.48,0.14,13.40,137149
2460302.734381,0.99908,0.00105,1.1420,0.62,0.19,13.43,150272
2460302.734694,0.99815,0.00105,1.1411,-0.07,0.39,13.29,154645
2460302.735007,0.99959,0.00105,1.1402,0.33,0.21,13.36,139776
2460302.735320,0.99938,0.00105,1.1393,0.50,0.13,13.30,145607
2460302.735633,0.99841,0.00105,1.1383,0.42,0.07,13.67,138815
2460302.735946,0.99923,0.00105,1.1375,0.01,-0.01,13.30,154537
2460302.736259,0.99951,0.00105,1.1365,0.01,0.06,13.70,153569
2460302.736572,0.99977,0.00105,1.1357,0.19,-0.00,13.41,145083
2460302.736885,1.00090,0.00105,1.1348,0.31,0.20,13.39,148297
2460302.737198,1.00009,0.00104,1.1339,0.17,0.09,13.15,163005
2460302.737511,1.00032,0.00104,1.1330,0.24,0.10,13.45,143718
2460302.737824,0.99996,0.00104,1.1321,0.38,-0.14,13.33,154821
2460302.738137,0.99814,0.00104,1.1313,0.41,-0.02,13.55,139119
2460302.738450,0.99883,0.00104,1.1304,0.11,0.02,13.38,154493
2460302.738763,0.99886,0.00104,1.1295,0.09,0.03,13.18,148630
2460302.739076,0.99915,0.00104,1.1287,-0.08,-0.02,13.22,151803
2460302.739401,0.99891,0.00103,1.1278,0.13,0.02,13.31,154502
2460302.739714,0.99887,0.00103,1.1270,0.33,-0.11,13.16,153517
2460302.740027,0.99854,0.00103,1.1261,-0.09,0.02,13.35,154518
2460302.740340,0.99941,0.00103,1.1253,0.04,0.10,13.40,163187
2460302.740653,0.99825,0.00103,1.1245,-0.17,0.02,13.25,157551
2460302.740966,0.99948,0.00103,1.1236,0.51,0.20,13.24,151829
2460302.741279,0.99801,0.00103,1.1228,0.24,-0.08,13.22,157280
2460302.741592,0.99822,0.00103,1.1220,0.15,-0.16,13.15,163212
2460302.741905,0.99889,0.00103,1.1212,-0.08,0.10,13.33,156022
2460302.742218,0.99900,0.00103,1.1204,0.33,-0.04,13.52,147769
2460302.742531,1.00049,0.00103,1.1196,0.29,-0.04,13.40,146901
2460302.742843,1.00023,0.00102,1.1188,-0.16,-0.01,13.21,155708
2460302.743192,0.99783,0.00102,1.1179,-0.07,0.17,13.56,150662
2460302.743505,0.99896,0.00102,1.1171,-0.12,-0.21,13.32,146267
2460302.743818,0.99997,0.00102,1.1164,-0.21,-0.13,13.24,159412
2460302.744131,0.99873,0.00102,1.1156,-0.28,-0.05,13.42,145114
2460302.744444,0.99851,0.00102,1.1148,-0.27,-0.09,13.40,157481
2460302.744745,1.00039,0.00102,1.1141,-0.05,-0.23,13.57,158431
2460302.745058,0.99833,0.00102,1.1133,-0.24,-0.04,13.30,149322
2460302.745371,0.99776,0.00101,1.1126,0.04,-0.17,13.50,145089
2460302.745684,1.00184,0.00102,1.1118,-0.32,-0.03,13.57,145153
2460302.745997,0.99992,0.00101,1.1111,0.03,-0.17,13.52,158532
2460302.746310,1.00088,0.00101,1.1103,0.06,0.04,13.72,149845
2460302.746623,1.00033,0.00101,1.1096,-0.21,-0.09,13.41,161425
2460302.746936,0.99955,0.00101,1.1089,0.20,0.11,13.84,144728
2460302.747249,0.99991,0.00101,1.1082,-0.00,-0.08,13.65,166376
2460302.747562,0.99878,0.00101,1.1074,0.01,-0.05,13.65,139893
2460302.747875,0.99950,0.00101,1.1067,0.13,0.24,13.46,152651
2460302.748188,0.99852,0.00101,1.1060,-0.02,0.04,13.64,150688
2460302.748501,0.99969,0.00101,1.1053,0.25,0.11,13.50,143976
2460302.748814,0.99861,0.00100,1.1046,0.05,-0.11,13.46,139520
2460302.749127,0.99918,0.00100,1.1039,0.08,0.14,13.43,159092
2460302.749440,0.99963,0.00100,1.1032,0.12,-0.08,13.43,145888
2460302.749753,1.00003,0.00100,1.1025,0.03,-0.16,13.31,151028
2460302.750066,0.99977,0.00100,1.1018,0.18,-0.00,13.49,157645
2460302.750379,0.99902,0.00100,1.1012,0.12,-0.10,13.71,142655
2460302.750692,0.99805,0.00100,1.1005,0.24,0.05,13.58,132712
2460302.751005,1.00089,0.00100,1.0998,0.38,0.09,13.57,141403
2460302.751318,0.99981,0.00100,1.0992,-0.01,-0.20,13.56,156456
2460302.751631,0.99887,0.00100,1.0985,0.10,-0.03,13.41,151829
2460302.751944,0.99899,0.00100,1.0978,0.17,0.15,13.48,172207
2460302.752257,0.99932,0.00100,1.0972,0.20,-0.17,13.14,156115
2460302.752570,1.00026,0.00099,1.0965,0.14,0.11,13.36,158111
2460302.752895,0.99881,0.00099,1.0959,0.10,-0.08,13.69,142925
2460302.753208,0.99821,0.00099,1.0952,0.28,-0.18,13.47,142919
2460302.753521,0.99962,0.00099,1.0946,0.17,-0.05,13.62,148511
2460302.753834,0.99899,0.00099,1.0940,-0.07,0.20,13.23,163992
2460302.754147,0.99922,0.00099,1.0933,-0.02,0.04,13.52,146895
2460302.754460,0.99842,0.00099,1.0927,-0.06,0.11,13.34,159208
2460302.754773,0.99884,0.00099,1.0921,-0.02,-0.14,13.19,145347
2460302.755086,0.99756,0.00099,1.0915,-0.32,0.10,13.59,151177
2460302.755399,0.99958,0.00099,1.0909,0.14,-0.12,13.49,152832
2460302.755712,0.99944,0.00099,1.0903,0.46,-0.12,13.34,139562
2460302.756025,0.99919,0.00098,1.0897,0.01,-0.10,13.63,159364
2460302.756338,0.99941,0.00098,1.0891,-0.05,0.05,13.28,163577
2460302.756651,0.99922,0.00098,1.0885,0.14,-0.01,13.42,158494
2460302.756975,0.99796,0.00098,1.0879,0.04,-0.05,13.13,171351
2460302.757288,1.00101,0.00098,1.0873,0.26,-0.07,13.36,154134
2460302.757590,0.99931,0.00098,1.0867,0.03,0.04,13.15,160651
2460302.757914,1.00076,0.00098,1.0862,-0.18,-0.01,13.33,162583
2460302.758227,0.99918,0.00098,1.0856,0.28,-0.08,12.89,159929
2460302.758587,1.00034,0.00098,1.0850,-0.27,-0.31,13.46,147567
2460302.758900,1.00015,0.00098,1.0844,0.16,-0.03,12.98,154558
2460302.759213,1.00030,0.00098,1.0838,-0.09,0.16,13.33,155487
2460302.759526,0.99976,0.00098,1.0833,-0.05,0.01,13.31,163363
2460302.759839,0.99960,0.00098,1.0827,0.05,-0.09,13.41,149978
2460302.760152,0.99953,0.00097,1.0822,0.04,-0.00,13.59,157770
2460302.760465,0.99961,0.00097,1.0817,-0.11,-0.06,13.19,158003
2460302.760767,0.99936,0.00097,1.0811,-0.14,0.21,13.54,150839
2460302.761091,0.99963,0.00097,1.0806,0.05,-0.06,13.25,163524
2460302.761393,0.99904,0.00097,1.0801,0.11,-0.08,13.84,135693
2460302.761706,0.99941,0.00097,1.0796,-0.19,0.09,13.72,143773
2460302.762019,0.99801,0.00097,1.0790,0.01,0.10,13.55,155410
2460302.762332,0.99803,0.00097,1.0785,0.06,0.07,13.68,149200
2460302.762645,1.00078,0.00097,1.0780,0.12,-0.04,13.48,146521
2460302.762958,0.99909,0.00097,1.0775,-0.12,0.11,13.48,151971
2460302.763271,0.99822,0.00097,1.0770,0.13,0.04,13.82,137203
2460302.763584,1.00064,0.00097,1.0765,0.03,-0.03,13.44,157188
2460302.763897,0.99818,0.00097,1.0760,0.02,-0.08,13.64,152143
2460302.764210,0.99793,0.00097,1.0755,-0.06,0.09,13.86,142277
2460302.764523,0.99768,0.00096,1.0751,0.06,-0.01,13.91,141026
2460302.764836,0.99928,0.00097,1.0746,-0.03,-0.07,13.48,147769
2460302.765149,0.99860,0.00096,1.0741,0.05,-0.07,13.68,142567
2460302.765462,0.99872,0.00096,1.0736,0.04,-0.05,13.65,145969
2460302.765775,0.99875,0.00096,1.0731,0.00,0.06,13.48,159695
2460302.766099,0.99993,0.00096,1.0727,0.04,0.10,13.83,147243
2460302.766412,0.99960,0.00096,1.0722,0.03,0.07,13.65,134911
2460302.766725,1.00045,0.00096,1.0717,-0.12,0.25,13.83,134031
2460302.767038,1.00019,0.00096,1.0713,0.04,0.08,13.96,136498
2460302.767351,0.99943,0.00096,1.0709,0.03,0.06,14.14,125646
2460302.767664,1.00006,0.00096,1.0704,0.02,0.07,13.84,132602
2460302.767989,0.99845,0.00096,1.0700,0.04,-0.02,14.11,133289
2460302.768302,1.00076,0.00096,1.0695,-0.13,0.06,13.68,147033
2460302.768615,0.99990,0.00096,1.0691,-0.18,-0.13,14.19,127162
2460302.768928,0.99954,0.00096,1.0687,-0.12,0.05,13.97,136094
2460302.769252,0.99839,0.00096,1.0682,-0.04,0.08,14.00,143341
2460302.769565,0.99958,0.00096,1.0678,0.11,0.08,14.14,135453
2460302.769878,1.00032,0.00096,1.0674,-0.11,-0.06,13.93,143379
2460302.770191,0.99873,0.00096,1.0670,-0.02,-0.07,13.81,138396
2460302.770504,0.99823,0.00095,1.0666,-0.22,0.05,13.54,168659
2460302.770817,1.00022,0.00096,1.0662,-0.12,-0.12,13.69,162027
2460302.771130,0.99949,0.00095,1.0658,-0.05,-0.11,13.76,158720
2460302.771443,0.99955,0.00095,1.0654,-0.16,-0.04,13.57,146572
2460302.771756,1.00052,0.00095,1.0650,0.01,-0.05,13.69,137592
2460302.772127,1.00054,0.00095,1.0645,-0.02,-0.01,13.44,154803
2460302.772440,0.99923,0.00095,1.0641,-0.21,0.04,13.26,138422
2460302.772753,0.99967,0.00095,1.0637,-0.18,0.01,13.75,141633
2460302.773066,0.99987,0.00095,1.0634,0.02,0.02,13.70,142079
2460302.773379,0.99905,0.00095,1.0630,-0.19,-0.06,13.47,149449
2460302.773692,1.00011,0.00095,1.0626,-0.06,0.03,13.31,160249
2460302.774006,0.99973,0.00095,1.0623,-0.33,0.08,13.56,148958
2460302.774318,1.00038,0.00095,1.0619,0.10,0.22,13.28,160194
2460302.774631,0.99893,0.00095,1.0616,-0.08,0.05,13.36,155029
2460302.774944,1.00000,0.00095,1.0612,-0.09,-0.01,13.41,153323
2460302.775245,1.00032,0.00095,1.0609,-0.31,0.04,13.54,153371
2460302.775558,0.99962,0.00095,1.0605,-0.30,-0.08,13.46,152673
2460302.775883,0.99907,0.00095,1.0602,-0.48,0.03,13.61,141013
2460302.776196,1.00064,0.00095,1.0598,-0.10,0.07,13.48,157125
2460302.776510,0.99989,0.00095,1.0595,-0.15,0.07,13.35,151183
2460302.776823,0.99904,0.00094,1.0592,-0.34,-0.03,13.21,153150
2460302.777136,0.99946,0.00094,1.0588,-0.14,0.17,13.40,150317
2460302.777449,0.99998,0.00094,1.0585,-0.12,-0.16,13.71,148952
2460302.777762,1.00009,0.00094,1.0582,-0.18,-0.15,13.19,145204
2460302.778075,0.99882,0.00094,1.0579,0.05,0.07,13.10,158448
2460302.778388,1.00057,0.00094,1.0576,-0.22,-0.07,13.38,144459
2460302.778701,0.99912,0.00094,1.0573,-0.25,-0.08,13.08,160609
2460302.779014,0.99924,0.00094,1.0570,-0.08,-0.03,13.38,157062
2460302.779327,1.00032,0.00094,1.0567,-0.04,-0.12,13.25,152983
2460302.779640,0.99966,0.00094,1.0564,0.01,0.06,13.28,148951
2460302.779964,1.00002,0.00094,1.0561,-0.44,-0.29,13.33,152483
2460302.780266,1.00001,0.00094,1.0558,0.03,-0.14,13.25,155073
2460302.780579,1.00001,0.00094,1.0555,-0.12,0.09,13.26,166401
2460302.780892,1.00127,0.00094,1.0552,-0.27,0.07,13.32,147278
2460302.781205,1.00009,0.00094,1.0549,-0.37,-0.03,13.35,156235
2460302.781518,1.00019,0.00094,1.0547,-0.06,-0.14,13.18,171724
2460302.781831,1.00114,0.00094,1.0544,-0.07,0.02,13.25,164690
2460302.782144,0.99931,0.00094,1.0541,0.15,0.07,13.13,160344
2460302.782457,0.99877,0.00094,1.0539,-0.39,-0.11,13.31,153462
2460302.782770,0.99974,0.00094,1.0536,0.07,-0.14,13.25,158450
2460302.783083,0.99948,0.00094,1.0534,0.13,-0.15,13.09,161583
2460302.783396,0.99884,0.00094,1.0531,-0.08,0.09,13.26,166690
2460302.783708,0.99932,0.00094,1.0529,0.03,-0.09,13.15,159465
2460302.784033,1.00059,0.00094,1.0526,-0.21,0.07,13.25,162520
2460302.784334,1.00001,0.00094,1.0524,-0.03,-0.00,13.22,172415
2460302.784659,0.99951,0.00094,1.0521,-0.28,0.05,13.16,154821
2460302.784972,0.99785,0.00093,1.0519,-0.08,-0.04,13.13,176491
2460302.785285,0.99972,0.00094,1.0517,0.01,0.02,13.25,165030
2460302.785598,1.00050,0.00094,1.0514,-0.49,-0.09,13.12,155907
2460302.785911,0.99919,0.00093,1.0512,-0.04,-0.07,12.82,173311
2460302.786224,1.00096,0.00094,1.0510,-0.07,0.01,12.97,166722
2460302.786537,1.00012,0.00093,1.0508,0.00,-0.04,13.15,171591
2460302.786850,1.00039,0.00093,1.0506,-0.20,0.12,13.23,167433
2460302.787163,0.99958,0.00093,1.0504,-0.28,-0.04,13.05,159305
2460302.787476,0.99960,0.00093,1.0502,0.03,-0.03,13.22,171074
2460302.787789,1.00084,0.00093,1.0500,-0.18,0.09,13.02,180761
2460302.788102,1.00221,0.00094,1.0498,-0.43,-0.01,13.12,166255
2460302.788415,1.00149,0.00093,1.0496,-0.34,-0.05,13.22,158682
2460302.788728,1.00141,0.00093,1.0494,-0.38,0.00,12.99,155666
2460302.789041,0.99907,0.00093,1.0492,-0.20,-0.03,12.87,163557
2460302.789342,1.00233,0.00093,1.0491,-0.25,-0.15,13.04,170745
2460302.789655,1.00096,0.00093,1.0489,-0.27,-0.12,13.07,179653
2460302.789968,1.00065,0.00093,1.0487,-0.22,-0.05,13.15,168713
2460302.790281,1.00082,0.00093,1.0485,-0.29,-0.10,13.19,166404
2460302.790594,1.00173,0.00093,1.0484,-0.44,-0.12,13.02,164183
2460302.790907,1.00183,0.00093,1.0482,-0.26,0.00,12.88,174437
2460302.791208,1.00208,0.00093,1.0480,-0.33,-0.09,13.10,169617
2460302.791533,1.00184,0.00093,1.0479,-0.23,-0.17,13.12,163732
2460302.791846,1.00060,0.00093,1.0477,-0.30,0.05,12.85,168256
2460302.792159,1.00151,0.00093,1.0476,0.04,0.11,12.74,185833
2460302.792460,1.00031,0.00093,1.0474,-0.19,-0.06,12.90,170043
2460302.792774,1.00121,0.00093,1.0473,-0.33,-0.09,13.05,173477
2460302.793099,1.00242,0.00093,1.0472,-0.35,-0.18,13.15,171333
2460302.793412,0.99996,0.00093,1.0470,-0.17,-0.02,12.67,176026
2460302.793713,1.00040,0.00093,1.0469,-0.28,0.00,12.86,169188
2460302.794026,1.00289,0.00093,1.0468,-0.39,-0.07,12.93,174319
2460302.794351,0.99982,0.00093,1.0466,-0.37,-0.06,12.91,167648
2460302.794652,1.00110,0.00093,1.0465,-0.15,-0.09,12.81,179053
2460302.794965,1.00148,0.00093,1.0464,-0.40,-0.00,13.06,166862
2460302.795290,1.00170,0.00093,1.0463,-0.49,0.06,12.87,178790
2460302.795603,1.00122,0.00093,1.0462,-0.19,-0.08,12.95,171873
2460302.796229,1.00194,0.00093,1.0460,-0.11,-0.03,12.95,179466
2460302.796542,1.00173,0.00093,1.0459,-0.10,-0.01,12.90,173560
2460302.796855,1.00097,0.00093,1.0458,-0.20,-0.10,12.89,171093
2460302.797168,1.00282,0.00093,1.0457,-0.28,0.03,12.81,173798
2460302.797469,1.00153,0.00093,1.0456,-0.31,-0.15,12.90,173754
2460302.797782,1.00140,0.00093,1.0455,-0.40,0.17,12.89,173584
2460302.798095,1.00147,0.00093,1.0454,0.05,0.03,12.78,178662
2460302.798408,0.99979,0.00093,1.0454,-0.26,-0.08,13.08,154712
2460302.798733,1.00104,0.00093,1.0453,-0.33,0.00,13.19,157016
2460302.799046,1.00060,0.00093,1.0452,0.12,-0.30,13.05,174768
2460302.799347,1.00131,0.00093,1.0452,-0.12,-0.03,12.84,165442
2460302.799660,1.00211,0.00093,1.0451,-0.35,-0.08,13.07,165378
2460302.799984,1.00120,0.00093,1.0450,-0.11,0.11,12.82,174541
2460302.800297,1.00234,0.00093,1.0450,-0.09,0.01,12.86,164870
2460302.800610,1.00134,0.00093,1.0449,-0.23,-0.12,12.50,173944
2460302.800923,0.99868,0.00093,1.0449,-0.31,0.03,12.59,193226
2460302.801236,1.00112,0.00093,1.0448,-0.26,-0.04,12.43,181991
2460302.801549,1.00098,0.00093,1.0448,-0.01,-0.05,12.94,170157
2460302.801874,1.00128,0.00093,1.0448,-0.24,-0.02,12.95,173433
2460302.802187,1.00094,0.00093,1.0447,-0.10,0.04,13.01,159135
2460302.802511,1.00234,0.00093,1.0447,0.06,-0.64,12.89,160174
2460302.802824,1.00131,0.00093,1.0447,0.07,-0.01,12.75,177631
2460302.803137,1.00189,0.00093,1.0447,0.32,0.17,12.82,174612
2460302.803450,1.00207,0.00093,1.0446,-0.01,0.17,12.48,193415
2460302.803763,1.00103,0.00093,1.0446,-0.28,0.10,12.71,176740
2460302.804076,1.00171,0.00093,1.0446,0.04,0.14,12.50,177889
2460302.804401,1.00086,0.00093,1.0446,-0.13,0.07,12.90,183814
2460302.804714,1.00210,0.00093,1.0446,-0.19,-0.02,12.34,175892
2460302.805015,1.00039,0.00093,1.0446,-0.08,0.08,12.47,187046
2460302.805328,0.99987,0.00093,1.0446,-0.24,0.10,12.51,177105
2460302.805641,1.00103,0.00093,1.0446,-0.54,-0.00,12.65,186989
2460302.805954,1.00075,0.00093,1.0446,-0.18,-0.09,12.85,159652
2460302.806267,1.00105,0.00093,1.0446,-0.24,-0.18,12.93,171282
2460302.806580,1.00185,0.00093,1.0446,-0.34,-0.10,12.41,177635
2460302.806905,0.99901,0.00093,1.0447,-0.70,-0.05,12.71,186341
2460302.807217,1.00126,0.00093,1.0447,-0.36,0.01,13.07,151983
2460302.807530,1.00115,0.00093,1.0447,-0.33,-0.08,12.96,183324
2460302.807832,1.00153,0.00093,1.0447,-0.18,0.02,12.51,172414
2460302.808145,1.00057,0.00093,1.0448,-0.33,-0.09,13.20,163863
2460302.808458,1.00259,0.00093,1.0448,-0.19,0.04,12.09,189630
2460302.808771,1.00081,0.00093,1.0449,-0.07,-0.21,13.20,155493
2460302.809084,0.99986,0.00093,1.0449,-0.35,-0.04,12.78,156872
2460302.809398,0.99909,0.00093,1.0449,-0.39,0.11,12.47,191674
2460302.809699,1.00186,0.00093,1.0450,-0.25,0.03,13.10,164316
2460302.810024,1.00099,0.00093,1.0451,-0.09,-0.10,13.06,154687
2460302.810337,1.00105,0.00093,1.0451,-0.21,-0.10,13.24,151526
2460302.810650,1.00104,0.00093,1.0452,-0.21,-0.13,12.58,172628
2460302.810963,1.00197,0.00093,1.0452,-0.27,-0.07,13.20,151967
2460302.811276,1.00137,0.00093,1.0453,-0.38,0.02,13.05,166020
2460302.811600,0.99994,0.00093,1.0454,-0.36,-0.11,12.92,158437
2460302.811913,1.00245,0.00093,1.0455,-0.32,-0.10,13.57,148413
2460302.812226,0.99997,0.00093,1.0455,-0.41,0.04,13.00,155348
2460302.812551,1.00134,0.00093,1.0456,-0.23,-0.15,13.18,152432
2460302.812852,1.00086,0.00093,1.0457,-0.19,-0.11,13.17,149370
2460302.813165,1.00229,0.00093,1.0458,0.01,-0.11,13.11,152839
2460302.813478,1.00208,0.00093,1.0459,-0.33,-0.07,13.25,155721
2460302.813791,0.99923,0.00093,1.0460,-0.43,-0.10,13.09,144265
2460302.814092,1.00075,0.00093,1.0461,-0.42,0.09,13.05,163462
2460302.814405,1.00058,0.00093,1.0462,-0.31,-0.20,13.21,153903
2460302.814718,1.00219,0.00093,1.0463,-0.24,-0.15,13.04,149175
2460302.815031,1.00070,0.00093,1.0464,-0.20,0.10,13.17,155060
2460302.815356,0.99998,0.00093,1.0465,-0.40,-0.03,13.12,154450
2460302.815982,1.00185,0.00093,1.0468,-0.24,-0.19,13.16,153115
2460302.816295,0.99922,0.00093,1.0469,-0.14,0.03,13.00,155293
2460302.816608,0.99975,0.00093,1.0471,-0.17,0.10,13.45,142963
2460302.816921,1.00077,0.00093,1.0472,-0.60,0.03,13.48,155865
2460302.817234,1.00013,0.00093,1.0473,-0.39,0.15,13.43,143690
2460302.817558,1.00111,0.00093,1.0475,-0.57,0.07,13.29,150439
2460302.817871,1.00214,0.00093,1.0476,-0.30,-0.10,13.85,140183
2460302.818184,0.99922,0.00093,1.0478,-0.61,-0.24,13.48,137567
2460302.818497,1.00180,0.00093,1.0479,-0.48,0.16,13.38,149282
2460302.818810,1.00197,0.00093,1.0481,-0.33,-0.13,13.47,151979
2460302.819123,1.00059,0.00093,1.0482,-0.48,0.02,13.58,143188
2460302.819436,0.99943,0.00093,1.0484,-0.33,-0.16,13.61,155872
2460302.819749,1.00127,0.00093,1.0486,-0.32,0.13,13.63,142623
2460302.820062,1.00161,0.00093,1.0487,-0.32,-0.01,13.45,154393
2460302.820375,1.00190,0.00093,1.0489,-0.20,-0.29,13.84,126013
2460302.820688,1.00115,0.00093,1.0491,-0.33,0.01,13.77,144617
2460302.821001,1.00150,0.00093,1.0493,-0.39,-0.05,13.16,141718
2460302.821314,1.00232,0.00093,1.0494,-0.49,-0.21,13.36,141713
2460302.821697,1.00269,0.00093,1.0497,-0.52,0.43,13.83,137954
2460302.821998,1.00077,0.00093,1.0499,-0.30,-0.11,13.71,144807
2460302.822311,0.99999,0.00093,1.0501,-0.64,0.14,13.67,135265
2460302.822636,1.00053,0.00093,1.0503,-0.60,-0.16,13.86,138712
2460302.822949,1.00062,0.00093,1.0505,-0.36,0.12,13.38,137712
2460302.823262,1.00187,0.00094,1.0507,-0.46,-0.21,13.75,139756
2460302.823575,1.00228,0.00094,1.0509,-0.49,-0.03,14.00,129091
2460302.823888,1.00191,0.00094,1.0511,-0.55,-0.04,13.64,133217
2460302.824201,1.00041,0.00093,1.0513,-0.59,0.20,13.77,134923
2460302.824514,1.00098,0.00094,1.0515,-0.30,-0.05,14.09,130011
2460302.824826,1.00100,0.00094,1.0518,-0.33,0.09,13.73,133098
2460302.825139,1.00243,0.00094,1.0520,-0.28,-0.03,13.77,145001
2460302.825452,1.00100,0.00094,1.0522,-0.80,-0.23,13.74,135128
2460302.825765,1.00246,0.00094,1.0525,-0.49,0.00,13.96,136229
2460302.826079,1.00023,0.00094,1.0527,-0.04,-0.10,13.75,136478
2460302.826392,1.00119,0.00094,1.0530,-0.77,-0.08,13.52,142057
2460302.826705,1.00196,0.00094,1.0532,-0.60,0.09,13.46,145113
2460302.827018,1.00212,0.00094,1.0535,-0.60,0.05,13.93,135951
2460302.827331,1.00088,0.00094,1.0537,-0.48,-0.14,13.75,128865
2460302.827644,1.00039,0.00094,1.0540,-0.54,-0.05,13.40,142837
2460302.827957,1.00162,0.00094,1.0543,-0.51,-0.09,13.91,129658
2460302.828270,1.00082,0.00094,1.0545,-0.47,-0.07,13.67,139215
2460302.828583,1.00284,0.00094,1.0548,-0.42,-0.18,13.91,144150
2460302.828896,0.99962,0.00094,1.0551,-0.30,-0.13,13.81,147571
2460302.829209,1.00129,0.00094,1.0553,-0.23,-0.16,13.96,139462
2460302.829522,1.00140,0.00094,1.0556,-0.78,-0.17,14.09,136250
2460302.829835,1.00289,0.00094,1.0559,-0.51,-0.10,14.08,121435
2460302.830148,1.00453,0.00094,1.0562,-0.63,0.08,13.58,142430
2460302.830461,1.00157,0.00094,1.0565,-0.57,-0.10,13.90,127092
2460302.830774,1.00246,0.00094,1.0568,-0.12,-0.25,13.75,135941
2460302.831087,1.00309,0.00094,1.0571,-0.66,-0.07,13.77,130465
2460302.831400,0.99926,0.00094,1.0574,-0.62,-0.21,14.12,122903
2460302.831725,1.00248,0.00094,1.0577,-0.32,-0.32,13.84,132884
2460302.832038,1.00036,0.00094,1.0580,-0.45,-0.18,14.12,134214
2460302.832351,0.99954,0.00094,1.0583,-0.39,-0.26,14.11,128452
2460302.832664,0.99970,0.00094,1.0587,-0.77,-0.04,14.14,135077
2460302.832965,0.99918,0.00094,1.0590,-0.56,0.02,13.69,134200
2460302.833290,1.00077,0.00094,1.0593,-0.57,0.05,14.45,115244
2460302.833603,1.00131,0.00095,1.0596,-0.59,0.02,13.95,125292
2460302.833916,1.00166,0.00095,1.0600,-0.53,0.06,13.84,135821
2460302.834229,1.00137,0.00095,1.0603,-0.66,-0.09,14.23,121865
2460302.834542,1.00308,0.00095,1.0607,-0.37,-0.14,14.01,121628
2460302.834855,1.00269,0.00095,1.0610,-0.40,-0.26,14.22,116329
2460302.835179,1.00095,0.00095,1.0614,-0.28,0.35,14.20,121102
2460302.835492,1.00263,0.00095,1.0617,-0.69,0.27,13.97,134147
2460302.835805,0.99890,0.00095,1.0621,-0.37,-0.17,14.37,129778
2460302.836118,1.00118,0.00095,1.0625,-0.41,-0.01,14.43,129946
